{
  "training_date": "2025-11-02T20:52:15.186645",
  "data_info": {
    "n_samples": 17457,
    "n_features": 25,
    "feature_names": [
      "h1_trend_strength",
      "h1_trend_direction",
      "h1_rsi",
      "h1_macd",
      "m15_rsi_14",
      "m15_macd",
      "m15_macd_hist",
      "m15_stoch_k",
      "m15_stoch_d",
      "m15_roc_5",
      "m15_roc_10",
      "m15_momentum",
      "price_vs_h1_ema21",
      "price_vs_h1_ema50",
      "distance_to_support",
      "distance_to_resistance",
      "m15_vs_h1_trend",
      "m15_volume_ratio",
      "m15_obv",
      "m15_atr",
      "m15_bb_width",
      "volatility_regime",
      "m15_hammer",
      "m15_engulfing",
      "m15_doji"
    ],
    "target_distribution": {
      "1": 17036,
      "0": 357,
      "2": 64
    }
  },
  "model_results": {
    "xgboost": {
      "accuracy": 0.9842497136311569,
      "f1_score": 0.9800907477268461,
      "success_rate": 0,
      "total_signals": "0",
      "profit_signals": "0"
    },
    "lightgbm": {
      "accuracy": 0.995418098510882,
      "f1_score": 0.9951803485193769,
      "success_rate": 1.0,
      "total_signals": "11",
      "profit_signals": "11"
    },
    "random_forest": {
      "accuracy": 1.0,
      "f1_score": 1.0,
      "success_rate": 1.0,
      "total_signals": "13",
      "profit_signals": "13"
    },
    "lstm": {
      "accuracy": 0.9074712643678161,
      "f1_score": 0.945815096758058,
      "success_rate": 0.0,
      "total_signals": "43",
      "profit_signals": "0"
    }
  },
  "best_parameters": {
    "xgboost": {
      "n_estimators": 830,
      "max_depth": 12,
      "learning_rate": 0.030445627211544934,
      "subsample": 0.9355565321700676,
      "colsample_bytree": 0.9594657741793712,
      "colsample_bylevel": 0.775397265065972,
      "colsample_bynode": 0.9774232609165076,
      "reg_alpha": 4.743817095795444e-06,
      "reg_lambda": 0.0006961007997224995,
      "min_child_weight": 9,
      "gamma": 3.2016431696570766,
      "max_delta_step": 5,
      "scale_pos_weight": 1.3093147236691942,
      "grow_policy": "depthwise",
      "max_leaves": 14,
      "tree_method": "auto"
    },
    "lightgbm": {
      "n_estimators": 641,
      "learning_rate": 0.06984461530273925,
      "num_leaves": 55,
      "max_depth": 11,
      "min_child_samples": 43,
      "subsample": 0.7400034627810583,
      "colsample_bytree": 0.6686981889907346,
      "reg_alpha": 0.003990661850302467,
      "reg_lambda": 0.06746288733694625,
      "min_split_gain": 0.8936670653683096,
      "boosting_type": "gbdt"
    },
    "random_forest": {
      "bootstrap": false,
      "n_estimators": 226,
      "max_depth": 40,
      "min_samples_split": 9,
      "min_samples_leaf": 1,
      "max_features": "sqrt",
      "class_weight": null
    },
    "lstm": {
      "time_steps": 20,
      "sequence_stride": 2,
      "n_layers": 2,
      "filters_1": 84,
      "kernel_size": 3,
      "units_1": 114,
      "l2_1": 0.00486591697268316,
      "dropout_1": 0.12787095191900058,
      "units_2": 32,
      "l2_2": 0.006039461516214136,
      "dropout_2": 0.26891496538282833,
      "dropout_final": 0.12922036598698547,
      "learning_rate": 0.009753057185982981,
      "batch_size": 32
    }
  },
  "optimization_summary": {
    "xgboost": {
      "best_value": 0.9745120561639267,
      "best_trial": 43,
      "n_trials": 50,
      "best_params": {
        "n_estimators": 830,
        "max_depth": 12,
        "learning_rate": 0.030445627211544934,
        "subsample": 0.9355565321700676,
        "colsample_bytree": 0.9594657741793712,
        "colsample_bylevel": 0.775397265065972,
        "colsample_bynode": 0.9774232609165076,
        "reg_alpha": 4.743817095795444e-06,
        "reg_lambda": 0.0006961007997224995,
        "min_child_weight": 9,
        "gamma": 3.2016431696570766,
        "max_delta_step": 5,
        "scale_pos_weight": 1.3093147236691942,
        "grow_policy": "depthwise",
        "max_leaves": 14,
        "tree_method": "auto"
      }
    },
    "lightgbm": {
      "best_value": 0.9749127306914415,
      "best_trial": 31,
      "n_trials": 50,
      "best_params": {
        "n_estimators": 641,
        "learning_rate": 0.06984461530273925,
        "num_leaves": 55,
        "max_depth": 11,
        "min_child_samples": 43,
        "subsample": 0.7400034627810583,
        "colsample_bytree": 0.6686981889907346,
        "reg_alpha": 0.003990661850302467,
        "reg_lambda": 0.06746288733694625,
        "min_split_gain": 0.8936670653683096,
        "boosting_type": "gbdt"
      }
    },
    "random_forest": {
      "best_value": 0.9730241775237992,
      "best_trial": 45,
      "n_trials": 50,
      "best_params": {
        "bootstrap": false,
        "n_estimators": 226,
        "max_depth": 40,
        "min_samples_split": 9,
        "min_samples_leaf": 1,
        "max_features": "sqrt",
        "class_weight": null
      }
    },
    "lstm": {
      "best_value": 0.9931113719940186,
      "best_trial": 29,
      "n_trials": 50,
      "best_params": {
        "time_steps": 20,
        "sequence_stride": 2,
        "n_layers": 2,
        "filters_1": 84,
        "kernel_size": 3,
        "units_1": 114,
        "l2_1": 0.00486591697268316,
        "dropout_1": 0.12787095191900058,
        "units_2": 32,
        "l2_2": 0.006039461516214136,
        "dropout_2": 0.26891496538282833,
        "dropout_final": 0.12922036598698547,
        "learning_rate": 0.009753057185982981,
        "batch_size": 32
      }
    }
  }
}