{
  "training_date": "2025-11-06T22:58:39.193780",
  "data_info": {
    "n_samples": 17457,
    "n_features": 25,
    "feature_names": [
      "h1_trend_strength",
      "h1_trend_direction",
      "h1_rsi",
      "h1_macd",
      "m15_rsi_14",
      "m15_macd",
      "m15_macd_hist",
      "m15_stoch_k",
      "m15_stoch_d",
      "m15_roc_5",
      "m15_roc_10",
      "m15_momentum",
      "price_vs_h1_ema21",
      "price_vs_h1_ema50",
      "distance_to_support",
      "distance_to_resistance",
      "m15_vs_h1_trend",
      "m15_volume_ratio",
      "m15_obv",
      "m15_atr",
      "m15_bb_width",
      "volatility_regime",
      "m15_hammer",
      "m15_engulfing",
      "m15_doji"
    ],
    "target_distribution": {
      "1": 17036,
      "0": 357,
      "2": 64
    }
  },
  "model_results": {
    "lightgbm": {
      "accuracy": 0.995418098510882,
      "f1_score": 0.9951803485193769,
      "success_rate": 1.0,
      "total_signals": "11",
      "profit_signals": "11"
    }
  },
  "best_parameters": {
    "lightgbm": {
      "n_estimators": 641,
      "learning_rate": 0.06984461530273925,
      "num_leaves": 55,
      "max_depth": 11,
      "min_child_samples": 43,
      "subsample": 0.7400034627810583,
      "colsample_bytree": 0.6686981889907346,
      "reg_alpha": 0.003990661850302467,
      "reg_lambda": 0.06746288733694625,
      "min_split_gain": 0.8936670653683096,
      "boosting_type": "gbdt"
    }
  },
  "optimization_summary": {
    "lightgbm": {
      "best_value": 0.9749127306914415,
      "best_trial": 31,
      "n_trials": 50,
      "best_params": {
        "n_estimators": 641,
        "learning_rate": 0.06984461530273925,
        "num_leaves": 55,
        "max_depth": 11,
        "min_child_samples": 43,
        "subsample": 0.7400034627810583,
        "colsample_bytree": 0.6686981889907346,
        "reg_alpha": 0.003990661850302467,
        "reg_lambda": 0.06746288733694625,
        "min_split_gain": 0.8936670653683096,
        "boosting_type": "gbdt"
      }
    }
  }
}